{"\u4eea\u8868": {"position": {"y": -2.6900000000000173, "x": 3.8099999999999827, "z": 0.0}, "grid": {"y": 215, "x": 233, "z": 0}, "orientation": {"y": 0.0, "x": 0.0, "z": 0.0, "w": 1.0}}, "\u6d4b\u8bd5": {"position": {"y": -2.230000000000027, "x": 4.269999999999973, "z": 0.0}, "grid": {"y": 224, "x": 242, "z": 0}, "orientation": {"y": 0.0, "x": 0.0, "z": 0.0, "w": 1.0}}}