{"123": {"position": {"y": 0.03425604257155923, "x": 0.02826096608381412, "z": 0.0}, "grid": {"y": 56, "x": 52, "z": 0}, "orientation": {"y": -0.0, "x": -0.0, "z": 0.0004087545805123993, "w": 0.999999916459843}}}