{"gg1": {"position": {"y": 0.5678157859349298, "x": 0.6565571559290628, "z": 0.0}, "grid": {"y": 280, "x": 170, "z": 0}, "orientation": {"y": 0.0, "x": 0.0, "z": 0.7607403153108846, "w": 0.6490563709422287}}, "asd": {"position": {"y": 0.0614962826125425, "x": -0.07535655943027136, "z": 0.0}, "grid": {"y": 57, "x": 50, "z": 0}, "orientation": {"y": 0.0, "x": 0.0, "z": -0.14434719968195353, "w": 0.9895271021775898}}, "goal4": {"position": {"y": 0.7710112263713214, "x": -1.136360602514027, "z": 0.0}, "grid": {"y": 284, "x": 134, "z": 0}, "orientation": {"y": 0.0, "x": 0.0, "z": 0.9810384947127025, "w": 0.1938129817422835}}, "goal5": {"position": {"y": 0.12068529278535053, "x": 0.18593517934133036, "z": 0.0}, "grid": {"y": 271, "x": 160, "z": 0}, "orientation": {"y": 0.0, "x": 0.0, "z": -0.8143387606581484, "w": 0.5803898542270972}}, "goal3": {"position": {"y": 0.04268074752276914, "x": 0.041095806342853834, "z": 0.0}, "grid": {"y": 270, "x": 157, "z": 0}, "orientation": {"y": 0.0, "x": 0.0, "z": -0.009747378719650025, "w": 0.9999524931755986}}, "goal1": {"position": {"y": 0.04268074752276914, "x": 0.041095806342853834, "z": 0.0}, "grid": {"y": 270, "x": 157, "z": 0}, "orientation": {"y": 0.0, "x": 0.0, "z": -0.009747378719650025, "w": 0.9999524931755986}}, "goal8": {"position": {"y": -0.08697346049323951, "x": 0.110908119825325, "z": 0.0}, "grid": {"y": 275, "x": 157, "z": 0}, "orientation": {"y": 0.0, "x": 0.0, "z": -0.00638845377293873, "w": 0.9999795936209854}}}