{"g4": {"position": {"y": -0.30590679930215076, "x": 0.8966481248670973, "z": 0.0}, "grid": {"y": 271, "x": 173, "z": 0}, "orientation": {"y": 0.0, "x": 0.0, "z": 0.3810826713312231, "w": 0.924540965891214}}, "g3": {"position": {"y": -0.30590679930215076, "x": 0.8966481248670973, "z": 0.0}, "grid": {"y": 271, "x": 173, "z": 0}, "orientation": {"y": 0.0, "x": 0.0, "z": 0.3810826713312231, "w": 0.924540965891214}}, "g1": {"position": {"y": -0.3059067993021507, "x": 0.8966481248670973, "z": 0.0}, "grid": {"y": 271, "x": 173, "z": 0}, "orientation": {"y": 0.0, "x": 0.0, "z": 0.3810826713312231, "w": 0.924540965891214}}}