{"2": {"position": {"y": -3.170000000000007, "x": 3.329999999999993, "z": 0.0}, "orientation": {"y": 0.0, "x": 0.0, "z": 0.0, "w": 1.0}}, "right": {}, "left": {}}